/*
 Navicat Premium Data Transfer

 Source Server         : mysql.
 Source Server Type    : MySQL
 Source Server Version : 50736
 Source Host           : 192.168.181.181:3306
 Source Schema         : scui-admin

 Target Server Type    : MySQL
 Target Server Version : 50736
 File Encoding         : 65001

 Date: 26/01/2022 15:37:48
*/

SET NAMES utf8mb4;
SET FOREIGN_KEY_CHECKS = 0;

-- ----------------------------
-- Table structure for sys_corp
-- ----------------------------
DROP TABLE IF EXISTS `sys_corp`;
CREATE TABLE `sys_corp`  (
  `id` bigint(20) NOT NULL,
  `create_name` varchar(255) CHARACTER SET utf8 COLLATE utf8_bin NULL DEFAULT NULL,
  `create_time` datetime(6) NULL DEFAULT NULL,
  `creater` bigint(20) NULL DEFAULT NULL,
  `del` int(11) NULL DEFAULT NULL,
  `update_name` varchar(255) CHARACTER SET utf8 COLLATE utf8_bin NULL DEFAULT NULL,
  `update_time` datetime(6) NULL DEFAULT NULL,
  `updater` bigint(20) NULL DEFAULT NULL,
  `address` varchar(255) CHARACTER SET utf8 COLLATE utf8_bin NULL DEFAULT NULL,
  `linker` varchar(255) CHARACTER SET utf8 COLLATE utf8_bin NULL DEFAULT NULL,
  `linker_phone` varchar(255) CHARACTER SET utf8 COLLATE utf8_bin NULL DEFAULT NULL,
  `name` varchar(255) CHARACTER SET utf8 COLLATE utf8_bin NULL DEFAULT NULL,
  `short_name` varchar(255) CHARACTER SET utf8 COLLATE utf8_bin NULL DEFAULT NULL,
  PRIMARY KEY (`id`) USING BTREE
) ENGINE = InnoDB CHARACTER SET = utf8 COLLATE = utf8_bin ROW_FORMAT = Dynamic;

-- ----------------------------
-- Records of sys_corp
-- ----------------------------

-- ----------------------------
-- Table structure for sys_menu
-- ----------------------------
DROP TABLE IF EXISTS `sys_menu`;
CREATE TABLE `sys_menu`  (
  `id` bigint(20) NOT NULL,
  `create_name` varchar(255) CHARACTER SET utf8 COLLATE utf8_bin NULL DEFAULT NULL,
  `create_time` datetime(6) NULL DEFAULT NULL,
  `creater` bigint(20) NULL DEFAULT NULL,
  `del` int(11) NULL DEFAULT 0,
  `update_name` varchar(255) CHARACTER SET utf8 COLLATE utf8_bin NULL DEFAULT NULL,
  `update_time` datetime(6) NULL DEFAULT NULL,
  `updater` bigint(20) NULL DEFAULT NULL,
  `component` varchar(255) CHARACTER SET utf8 COLLATE utf8_bin NULL DEFAULT NULL,
  `name` varchar(255) CHARACTER SET utf8 COLLATE utf8_bin NULL DEFAULT NULL,
  `path` varchar(255) CHARACTER SET utf8 COLLATE utf8_bin NULL DEFAULT NULL,
  `pid` bigint(20) NULL DEFAULT NULL,
  `redirect` varchar(255) CHARACTER SET utf8 COLLATE utf8_bin NULL DEFAULT NULL,
  PRIMARY KEY (`id`) USING BTREE
) ENGINE = InnoDB CHARACTER SET = utf8 COLLATE = utf8_bin ROW_FORMAT = Dynamic;

-- ----------------------------
-- Records of sys_menu
-- ----------------------------
INSERT INTO `sys_menu` VALUES (1486204798112911362, NULL, NULL, NULL, 0, NULL, NULL, NULL, NULL, 'home', '/home', NULL, NULL);
INSERT INTO `sys_menu` VALUES (1486204799476060161, NULL, NULL, NULL, 0, NULL, NULL, NULL, 'home', 'dashboard', '/dashboard', 1486204798112911362, NULL);
INSERT INTO `sys_menu` VALUES (1486204800868569090, NULL, NULL, NULL, 0, NULL, NULL, NULL, 'userCenter', 'userCenter', '/usercenter', 1486204798112911362, NULL);
INSERT INTO `sys_menu` VALUES (1486204802206552065, NULL, NULL, NULL, 0, NULL, NULL, NULL, NULL, 'vab', '/vab', NULL, NULL);
INSERT INTO `sys_menu` VALUES (1486204803540340737, NULL, NULL, NULL, 0, NULL, NULL, NULL, 'vab/mini', 'minivab', '/vab/mini', 1486204802206552065, NULL);
INSERT INTO `sys_menu` VALUES (1486204804857352193, NULL, NULL, NULL, 0, NULL, NULL, NULL, 'vab/iconfont', 'iconfont', '/vab/iconfont', 1486204802206552065, NULL);
INSERT INTO `sys_menu` VALUES (1486204806186946561, NULL, NULL, NULL, 0, NULL, NULL, NULL, NULL, 'vabdata', '/vab/data', 1486204802206552065, NULL);
INSERT INTO `sys_menu` VALUES (1486204807550095362, NULL, NULL, NULL, 0, NULL, NULL, NULL, 'vab/chart', 'chart', '/vab/chart', 1486204806186946561, NULL);
INSERT INTO `sys_menu` VALUES (1486204808896466946, NULL, NULL, NULL, 0, NULL, NULL, NULL, 'vab/statistic', 'statistic', '/vab/statistic', 1486204806186946561, NULL);
INSERT INTO `sys_menu` VALUES (1486204810272198658, NULL, NULL, NULL, 0, NULL, NULL, NULL, 'vab/video', 'scvideo', '/vab/video', 1486204806186946561, NULL);
INSERT INTO `sys_menu` VALUES (1486204811593404418, NULL, NULL, NULL, 0, NULL, NULL, NULL, NULL, 'vabform', '/vab/form', 1486204802206552065, NULL);
INSERT INTO `sys_menu` VALUES (1486204812918804481, NULL, NULL, NULL, 0, NULL, NULL, NULL, 'vab/tableselect', 'tableselect', '/vab/tableselect', 1486204811593404418, NULL);
INSERT INTO `sys_menu` VALUES (1486204814265176066, NULL, NULL, NULL, 0, NULL, NULL, NULL, 'vab/formtable', 'formtable', '/vab/formtable', 1486204811593404418, NULL);
INSERT INTO `sys_menu` VALUES (1486204815565410306, NULL, NULL, NULL, 0, NULL, NULL, NULL, 'vab/filterBar', 'filterBar', '/vab/filterbar', 1486204811593404418, NULL);
INSERT INTO `sys_menu` VALUES (1486204816886616065, NULL, NULL, NULL, 0, NULL, NULL, NULL, 'vab/upload', 'upload', '/vab/upload', 1486204811593404418, NULL);
INSERT INTO `sys_menu` VALUES (1486204818212016130, NULL, NULL, NULL, 0, NULL, NULL, NULL, 'vab/select', 'scselect', '/vab/select', 1486204811593404418, NULL);
INSERT INTO `sys_menu` VALUES (1486204819541610497, NULL, NULL, NULL, 0, NULL, NULL, NULL, 'vab/iconselect', 'iconSelect', '/vab/iconselect', 1486204811593404418, NULL);
INSERT INTO `sys_menu` VALUES (1486204820858621953, NULL, NULL, NULL, 0, NULL, NULL, NULL, 'vab/editor', 'editor', '/vab/editor', 1486204811593404418, NULL);
INSERT INTO `sys_menu` VALUES (1486204822184022017, NULL, NULL, NULL, 0, NULL, NULL, NULL, NULL, 'vabfeedback', '/vab/feedback', 1486204802206552065, NULL);
INSERT INTO `sys_menu` VALUES (1486204823509422082, NULL, NULL, NULL, 0, NULL, NULL, NULL, 'vab/drag', 'drag', '/vab/drag', 1486204822184022017, NULL);
INSERT INTO `sys_menu` VALUES (1486204824818044929, NULL, NULL, NULL, 0, NULL, NULL, NULL, 'vab/contextmenu', 'contextmenu', '/vab/contextmenu', 1486204822184022017, NULL);
INSERT INTO `sys_menu` VALUES (1486204826172805121, NULL, NULL, NULL, 0, NULL, NULL, NULL, 'vab/cropper', 'cropper', '/vab/cropper', 1486204822184022017, NULL);
INSERT INTO `sys_menu` VALUES (1486204827485622273, NULL, NULL, NULL, 0, NULL, NULL, NULL, 'vab/fileselect', 'fileselect', '/vab/fileselect', 1486204822184022017, NULL);
INSERT INTO `sys_menu` VALUES (1486204828827799553, NULL, NULL, NULL, 0, NULL, NULL, NULL, 'vab/dialog', 'dialogExtend', '/vab/dialog', 1486204822184022017, NULL);
INSERT INTO `sys_menu` VALUES (1486204830220308482, NULL, NULL, NULL, 0, NULL, NULL, NULL, NULL, 'vabothers', '/vab/others', 1486204802206552065, NULL);
INSERT INTO `sys_menu` VALUES (1486204831541514242, NULL, NULL, NULL, 0, NULL, NULL, NULL, 'vab/print', 'print', '/vab/print', 1486204830220308482, NULL);
INSERT INTO `sys_menu` VALUES (1486204832875302914, NULL, NULL, NULL, 0, NULL, NULL, NULL, 'vab/workflow', 'workflow', '/vab/workflow', 1486204802206552065, NULL);
INSERT INTO `sys_menu` VALUES (1486204834209091586, NULL, NULL, NULL, 0, NULL, NULL, NULL, 'vab/form', 'formRender', '/vab/formrender', 1486204802206552065, NULL);
INSERT INTO `sys_menu` VALUES (1486204835576434689, NULL, NULL, NULL, 0, NULL, NULL, NULL, NULL, 'template', '/template', NULL, NULL);
INSERT INTO `sys_menu` VALUES (1486204836922806273, NULL, NULL, NULL, 0, NULL, NULL, NULL, 'template/blank', 'blank', '/template/blank', 1486204835576434689, NULL);
INSERT INTO `sys_menu` VALUES (1486204838273372162, NULL, NULL, NULL, 0, NULL, NULL, NULL, 'template/chartlist', 'chartlist', '/template/chartlist', 1486204835576434689, NULL);
INSERT INTO `sys_menu` VALUES (1486204839594577921, NULL, NULL, NULL, 0, NULL, NULL, NULL, 'template/calendar', 'calendar', '/template/calendar', 1486204835576434689, NULL);
INSERT INTO `sys_menu` VALUES (1486204840928366593, NULL, NULL, NULL, 0, NULL, NULL, NULL, 'template/list', 'list', '/template/list', 1486204835576434689, NULL);
INSERT INTO `sys_menu` VALUES (1486204842287321089, NULL, NULL, NULL, 0, NULL, NULL, NULL, 'template/list/save', 'list-save', '/template/list/save/:id?', 1486204835576434689, NULL);
INSERT INTO `sys_menu` VALUES (1486204843650469890, NULL, NULL, NULL, 0, NULL, NULL, NULL, 'template/svgmap', 'svgmap', '/template/svgmap', 1486204835576434689, NULL);
INSERT INTO `sys_menu` VALUES (1486204845068144642, NULL, NULL, NULL, 0, NULL, NULL, NULL, 'template/tabinfo', 'tabinfo', '/template/tabinfo', 1486204835576434689, NULL);
INSERT INTO `sys_menu` VALUES (1486204846460653570, NULL, NULL, NULL, 0, NULL, NULL, NULL, 'template/server', 'server', '/template/server', 1486204835576434689, NULL);
INSERT INTO `sys_menu` VALUES (1486204847886716930, NULL, NULL, NULL, 0, NULL, NULL, NULL, 'template/stepform', 'stepform', '/template/stepform', 1486204835576434689, NULL);
INSERT INTO `sys_menu` VALUES (1486204849363111938, NULL, NULL, NULL, 0, NULL, NULL, NULL, NULL, 'other', '/other', NULL, NULL);
INSERT INTO `sys_menu` VALUES (1486204850805952513, NULL, NULL, NULL, 0, NULL, NULL, NULL, 'other/directive', 'directive', '/other/directive', 1486204849363111938, NULL);
INSERT INTO `sys_menu` VALUES (1486204852202655746, NULL, NULL, NULL, 0, NULL, NULL, NULL, 'other/viewTags', 'viewTags', '/other/viewTags', 1486204849363111938, NULL);
INSERT INTO `sys_menu` VALUES (1486204853645496321, NULL, NULL, NULL, 0, NULL, NULL, NULL, 'other/fullpage', 'fullpage', '/other/fullpage', 1486204852202655746, NULL);
INSERT INTO `sys_menu` VALUES (1486204855071559682, NULL, NULL, NULL, 0, NULL, NULL, NULL, NULL, 'link', '/link', 1486204849363111938, NULL);
INSERT INTO `sys_menu` VALUES (1486204856568926209, NULL, NULL, NULL, 0, NULL, NULL, NULL, NULL, '百度', 'https://baidu.com', 1486204855071559682, NULL);
INSERT INTO `sys_menu` VALUES (1486204858024349698, NULL, NULL, NULL, 0, NULL, NULL, NULL, NULL, '谷歌', 'https://www.google.cn', 1486204855071559682, NULL);
INSERT INTO `sys_menu` VALUES (1486204859442024449, NULL, NULL, NULL, 0, NULL, NULL, NULL, NULL, 'Iframe', '/iframe', 1486204849363111938, NULL);
INSERT INTO `sys_menu` VALUES (1486204860872282113, NULL, NULL, NULL, 0, NULL, NULL, NULL, NULL, 'vue3', 'https://v3.cn.vuejs.org', 1486204859442024449, NULL);
INSERT INTO `sys_menu` VALUES (1486204862281568257, NULL, NULL, NULL, 0, NULL, NULL, NULL, NULL, 'elementplus', 'https://element-plus.gitee.io', 1486204859442024449, NULL);
INSERT INTO `sys_menu` VALUES (1486204863674077185, NULL, NULL, NULL, 0, NULL, NULL, NULL, NULL, 'scuidoc', 'https://lolicode.gitee.io/scui-doc', 1486204859442024449, NULL);
INSERT INTO `sys_menu` VALUES (1486204865041420289, NULL, NULL, NULL, 0, NULL, NULL, NULL, NULL, 'test', '/test', NULL, NULL);
INSERT INTO `sys_menu` VALUES (1486204866463289346, NULL, NULL, NULL, 0, NULL, NULL, NULL, NULL, 'autocode', '/test/autocode', 1486204865041420289, '/test/autocode/index');
INSERT INTO `sys_menu` VALUES (1486204867885158402, NULL, NULL, NULL, 0, NULL, NULL, NULL, 'test/autocode', 'autocode-index', '/test/autocode/index', 1486204866463289346, NULL);
INSERT INTO `sys_menu` VALUES (1486204869256695810, NULL, NULL, NULL, 0, NULL, NULL, NULL, 'test/autocode/list', 'autocode-list', '/test/autocode/list', 1486204866463289346, NULL);
INSERT INTO `sys_menu` VALUES (1486204870603067393, NULL, NULL, NULL, 0, NULL, NULL, NULL, 'test/codebug', 'codebug', '/test/codebug', 1486204865041420289, NULL);
INSERT INTO `sys_menu` VALUES (1486204871991382018, NULL, NULL, NULL, 0, NULL, NULL, NULL, NULL, 'setting', '/setting', NULL, NULL);
INSERT INTO `sys_menu` VALUES (1486204873409056770, NULL, NULL, NULL, 0, NULL, NULL, NULL, 'setting/system', 'system', '/setting/system', 1486204871991382018, NULL);
INSERT INTO `sys_menu` VALUES (1486204874784788481, NULL, NULL, NULL, 0, NULL, NULL, NULL, 'setting/user', 'user', '/setting/user', 1486204871991382018, NULL);
INSERT INTO `sys_menu` VALUES (1486204876173103106, NULL, NULL, NULL, 0, NULL, NULL, NULL, 'setting/role', 'role', '/setting/role', 1486204871991382018, NULL);
INSERT INTO `sys_menu` VALUES (1486204877557223425, NULL, NULL, NULL, 0, NULL, NULL, NULL, 'setting/dic', 'dic', '/setting/dic', 1486204871991382018, NULL);
INSERT INTO `sys_menu` VALUES (1486204878953926658, NULL, NULL, NULL, 0, NULL, NULL, NULL, 'setting/table', 'tableSetting', '/setting/table', 1486204871991382018, NULL);
INSERT INTO `sys_menu` VALUES (1486204880384184321, NULL, NULL, NULL, 0, NULL, NULL, NULL, 'setting/menu', 'settingMenu', '/setting/menu', 1486204871991382018, NULL);
INSERT INTO `sys_menu` VALUES (1486204881759916033, NULL, NULL, NULL, 0, NULL, NULL, NULL, 'setting/task', 'task', '/setting/task', 1486204871991382018, NULL);
INSERT INTO `sys_menu` VALUES (1486204883139842049, NULL, NULL, NULL, 0, NULL, NULL, NULL, 'setting/client', 'client', '/setting/client', 1486204871991382018, NULL);
INSERT INTO `sys_menu` VALUES (1486204884532350977, NULL, NULL, NULL, 0, NULL, NULL, NULL, 'setting/log', 'log', '/setting/log', 1486204871991382018, NULL);
INSERT INTO `sys_menu` VALUES (1486204885891305474, NULL, NULL, NULL, 0, NULL, NULL, NULL, 'other/about', 'about', '/other/about', NULL, NULL);

-- ----------------------------
-- Table structure for sys_meta
-- ----------------------------
DROP TABLE IF EXISTS `sys_meta`;
CREATE TABLE `sys_meta`  (
  `id` bigint(20) NOT NULL,
  `create_name` varchar(255) CHARACTER SET utf8 COLLATE utf8_bin NULL DEFAULT NULL,
  `create_time` datetime(6) NULL DEFAULT NULL,
  `creater` bigint(20) NULL DEFAULT NULL,
  `del` int(11) NULL DEFAULT 0,
  `update_name` varchar(255) CHARACTER SET utf8 COLLATE utf8_bin NULL DEFAULT NULL,
  `update_time` datetime(6) NULL DEFAULT NULL,
  `updater` bigint(20) NULL DEFAULT NULL,
  `active` varchar(255) CHARACTER SET utf8 COLLATE utf8_bin NULL DEFAULT NULL,
  `affix` bit(1) NULL DEFAULT NULL,
  `fullpage` bit(1) NULL DEFAULT NULL,
  `hidden` bit(1) NULL DEFAULT NULL,
  `hidden_breadcrumb` bit(1) NULL DEFAULT NULL,
  `icon` varchar(255) CHARACTER SET utf8 COLLATE utf8_bin NULL DEFAULT NULL,
  `menu_id` bigint(20) NULL DEFAULT NULL,
  `title` varchar(255) CHARACTER SET utf8 COLLATE utf8_bin NULL DEFAULT NULL,
  `type` varchar(255) CHARACTER SET utf8 COLLATE utf8_bin NULL DEFAULT NULL,
  PRIMARY KEY (`id`) USING BTREE
) ENGINE = InnoDB CHARACTER SET = utf8 COLLATE = utf8_bin ROW_FORMAT = Dynamic;

-- ----------------------------
-- Records of sys_meta
-- ----------------------------
INSERT INTO `sys_meta` VALUES (1486204798784000002, NULL, NULL, NULL, 0, NULL, NULL, NULL, NULL, NULL, NULL, NULL, NULL, 'el-icon-eleme-filled', 1486204798112911362, '首页', 'menu');
INSERT INTO `sys_meta` VALUES (1486204800168120322, NULL, NULL, NULL, 0, NULL, NULL, NULL, NULL, b'1', NULL, NULL, NULL, 'el-icon-menu', 1486204799476060161, '控制台', NULL);
INSERT INTO `sys_meta` VALUES (1486204801539657730, NULL, NULL, NULL, 0, NULL, NULL, NULL, NULL, NULL, NULL, NULL, NULL, 'el-icon-user', 1486204800868569090, '个人信息', NULL);
INSERT INTO `sys_meta` VALUES (1486204802873446401, NULL, NULL, NULL, 0, NULL, NULL, NULL, NULL, NULL, NULL, NULL, NULL, 'el-icon-takeaway-box', 1486204802206552065, '组件', 'menu');
INSERT INTO `sys_meta` VALUES (1486204804186263553, NULL, NULL, NULL, 0, NULL, NULL, NULL, NULL, NULL, NULL, NULL, NULL, 'el-icon-magic-stick', 1486204803540340737, '原子组件', 'menu');
INSERT INTO `sys_meta` VALUES (1486204805515857922, NULL, NULL, NULL, 0, NULL, NULL, NULL, NULL, NULL, NULL, NULL, NULL, 'el-icon-orange', 1486204804857352193, '扩展图标', 'menu');
INSERT INTO `sys_meta` VALUES (1486204806883201026, NULL, NULL, NULL, 0, NULL, NULL, NULL, NULL, NULL, NULL, NULL, NULL, 'el-icon-histogram', 1486204806186946561, 'Data 数据展示', 'menu');
INSERT INTO `sys_meta` VALUES (1486204808221184002, NULL, NULL, NULL, 0, NULL, NULL, NULL, NULL, NULL, NULL, NULL, NULL, NULL, 1486204807550095362, '图表 Echarts', 'menu');
INSERT INTO `sys_meta` VALUES (1486204809563361281, NULL, NULL, NULL, 0, NULL, NULL, NULL, NULL, NULL, NULL, NULL, NULL, NULL, 1486204808896466946, '统计数值', 'menu');
INSERT INTO `sys_meta` VALUES (1486204810934898690, NULL, NULL, NULL, 0, NULL, NULL, NULL, NULL, NULL, NULL, NULL, NULL, NULL, 1486204810272198658, '视频播放器', 'menu');
INSERT INTO `sys_meta` VALUES (1486204812268687361, NULL, NULL, NULL, 0, NULL, NULL, NULL, NULL, NULL, NULL, NULL, NULL, 'el-icon-edit', 1486204811593404418, 'Form 数据录入', 'menu');
INSERT INTO `sys_meta` VALUES (1486204813594087425, NULL, NULL, NULL, 0, NULL, NULL, NULL, NULL, NULL, NULL, NULL, NULL, NULL, 1486204812918804481, '表格选择器', 'menu');
INSERT INTO `sys_meta` VALUES (1486204814919487489, NULL, NULL, NULL, 0, NULL, NULL, NULL, NULL, NULL, NULL, NULL, NULL, NULL, 1486204814265176066, '表单表格', 'menu');
INSERT INTO `sys_meta` VALUES (1486204816228110338, NULL, NULL, NULL, 0, NULL, NULL, NULL, NULL, NULL, NULL, NULL, NULL, NULL, 1486204815565410306, '过滤器v2', 'menu');
INSERT INTO `sys_meta` VALUES (1486204817566093314, NULL, NULL, NULL, 0, NULL, NULL, NULL, NULL, NULL, NULL, NULL, NULL, NULL, 1486204816886616065, '上传', 'menu');
INSERT INTO `sys_meta` VALUES (1486204818883104769, NULL, NULL, NULL, 0, NULL, NULL, NULL, NULL, NULL, NULL, NULL, NULL, NULL, 1486204818212016130, '异步选择器', 'menu');
INSERT INTO `sys_meta` VALUES (1486204820195921922, NULL, NULL, NULL, 0, NULL, NULL, NULL, NULL, NULL, NULL, NULL, NULL, NULL, 1486204819541610497, '图标选择器', 'menu');
INSERT INTO `sys_meta` VALUES (1486204821521321986, NULL, NULL, NULL, 0, NULL, NULL, NULL, NULL, NULL, NULL, NULL, NULL, NULL, 1486204820858621953, '富文本编辑器', 'menu');
INSERT INTO `sys_meta` VALUES (1486204822855110657, NULL, NULL, NULL, 0, NULL, NULL, NULL, NULL, NULL, NULL, NULL, NULL, 'el-icon-mouse', 1486204822184022017, 'Feedback 反馈', 'menu');
INSERT INTO `sys_meta` VALUES (1486204824172122113, NULL, NULL, NULL, 0, NULL, NULL, NULL, NULL, NULL, NULL, NULL, NULL, NULL, 1486204823509422082, '拖拽排序', 'menu');
INSERT INTO `sys_meta` VALUES (1486204825472356354, NULL, NULL, NULL, 0, NULL, NULL, NULL, NULL, NULL, NULL, NULL, NULL, NULL, 1486204824818044929, '右键菜单', 'menu');
INSERT INTO `sys_meta` VALUES (1486204826827116545, NULL, NULL, NULL, 0, NULL, NULL, NULL, NULL, NULL, NULL, NULL, NULL, NULL, 1486204826172805121, '图像剪裁', 'menu');
INSERT INTO `sys_meta` VALUES (1486204828160905217, NULL, NULL, NULL, 0, NULL, NULL, NULL, NULL, NULL, NULL, NULL, NULL, NULL, 1486204827485622273, '资源库选择器', 'menu');
INSERT INTO `sys_meta` VALUES (1486204829553414145, NULL, NULL, NULL, 0, NULL, NULL, NULL, NULL, NULL, NULL, NULL, NULL, NULL, 1486204828827799553, '弹窗扩展', 'menu');
INSERT INTO `sys_meta` VALUES (1486204830895591425, NULL, NULL, NULL, 0, NULL, NULL, NULL, NULL, NULL, NULL, NULL, NULL, 'el-icon-more-filled', 1486204830220308482, 'Others 其他', 'menu');
INSERT INTO `sys_meta` VALUES (1486204832225185794, NULL, NULL, NULL, 0, NULL, NULL, NULL, NULL, NULL, NULL, NULL, NULL, NULL, 1486204831541514242, '打印', 'menu');
INSERT INTO `sys_meta` VALUES (1486204833546391553, NULL, NULL, NULL, 0, NULL, NULL, NULL, NULL, NULL, NULL, NULL, NULL, 'el-icon-share', 1486204832875302914, '工作流设计器', 'menu');
INSERT INTO `sys_meta` VALUES (1486204834892763138, NULL, NULL, NULL, 0, NULL, NULL, NULL, NULL, NULL, NULL, NULL, NULL, 'el-icon-message-box', 1486204834209091586, '动态表单(Beta)', 'menu');
INSERT INTO `sys_meta` VALUES (1486204836255911937, NULL, NULL, NULL, 0, NULL, NULL, NULL, NULL, NULL, NULL, NULL, NULL, 'el-icon-files', 1486204835576434689, '模板', 'menu');
INSERT INTO `sys_meta` VALUES (1486204837593894913, NULL, NULL, NULL, 0, NULL, NULL, NULL, NULL, NULL, NULL, NULL, NULL, 'el-icon-folder', 1486204836922806273, '空白模板', 'menu');
INSERT INTO `sys_meta` VALUES (1486204838923489282, NULL, NULL, NULL, 0, NULL, NULL, NULL, NULL, NULL, NULL, NULL, NULL, 'el-icon-data-analysis', 1486204838273372162, '统计列表', 'menu');
INSERT INTO `sys_meta` VALUES (1486204840261472258, NULL, NULL, NULL, 0, NULL, NULL, NULL, NULL, NULL, NULL, NULL, NULL, 'el-icon-calendar', 1486204839594577921, '日历计划', 'menu');
INSERT INTO `sys_meta` VALUES (1486204841607843842, NULL, NULL, NULL, 0, NULL, NULL, NULL, NULL, NULL, NULL, NULL, NULL, 'el-icon-fold', 1486204840928366593, '详细列表', 'menu');
INSERT INTO `sys_meta` VALUES (1486204842970992642, NULL, NULL, NULL, 0, NULL, NULL, NULL, '/template/list', NULL, NULL, b'1', NULL, NULL, 1486204842287321089, '新标签', 'menu');
INSERT INTO `sys_meta` VALUES (1486204844355112962, NULL, NULL, NULL, 0, NULL, NULL, NULL, NULL, NULL, NULL, NULL, NULL, 'el-icon-map-location', 1486204843650469890, '地理信息', 'menu');
INSERT INTO `sys_meta` VALUES (1486204845768593409, NULL, NULL, NULL, 0, NULL, NULL, NULL, NULL, NULL, NULL, NULL, NULL, 'el-icon-document', 1486204845068144642, '分栏明细', 'menu');
INSERT INTO `sys_meta` VALUES (1486204847127547905, NULL, NULL, NULL, 0, NULL, NULL, NULL, NULL, NULL, NULL, NULL, NULL, 'el-icon-cpu', 1486204846460653570, '服务器监控', 'menu');
INSERT INTO `sys_meta` VALUES (1486204848612331522, NULL, NULL, NULL, 0, NULL, NULL, NULL, NULL, NULL, NULL, NULL, NULL, 'el-icon-switch', 1486204847886716930, '分步表单', 'menu');
INSERT INTO `sys_meta` VALUES (1486204850101309441, NULL, NULL, NULL, 0, NULL, NULL, NULL, NULL, NULL, NULL, NULL, NULL, 'el-icon-more-filled', 1486204849363111938, '其他', 'menu');
INSERT INTO `sys_meta` VALUES (1486204851523178497, NULL, NULL, NULL, 0, NULL, NULL, NULL, NULL, NULL, NULL, NULL, NULL, 'el-icon-price-tag', 1486204850805952513, '指令', 'menu');
INSERT INTO `sys_meta` VALUES (1486204852949241857, NULL, NULL, NULL, 0, NULL, NULL, NULL, NULL, NULL, NULL, NULL, NULL, 'el-icon-files', 1486204852202655746, '标签操作', 'menu');
INSERT INTO `sys_meta` VALUES (1486204854324973569, NULL, NULL, NULL, 0, NULL, NULL, NULL, NULL, NULL, b'1', b'1', NULL, 'el-icon-monitor', 1486204853645496321, '整页路由', 'menu');
INSERT INTO `sys_meta` VALUES (1486204855843311618, NULL, NULL, NULL, 0, NULL, NULL, NULL, NULL, NULL, NULL, NULL, NULL, 'el-icon-link', 1486204855071559682, '外部链接', 'menu');
INSERT INTO `sys_meta` VALUES (1486204857294540802, NULL, NULL, NULL, 0, NULL, NULL, NULL, NULL, NULL, NULL, NULL, NULL, NULL, 1486204856568926209, '百度', 'link');
INSERT INTO `sys_meta` VALUES (1486204858762547202, NULL, NULL, NULL, 0, NULL, NULL, NULL, NULL, NULL, NULL, NULL, NULL, NULL, 1486204858024349698, '谷歌', 'link');
INSERT INTO `sys_meta` VALUES (1486204860138278914, NULL, NULL, NULL, 0, NULL, NULL, NULL, NULL, NULL, NULL, NULL, NULL, 'el-icon-position', 1486204859442024449, 'Iframe', 'menu');
INSERT INTO `sys_meta` VALUES (1486204861560147970, NULL, NULL, NULL, 0, NULL, NULL, NULL, NULL, NULL, NULL, NULL, NULL, NULL, 1486204860872282113, 'VUE 3', 'iframe');
INSERT INTO `sys_meta` VALUES (1486204862990405633, NULL, NULL, NULL, 0, NULL, NULL, NULL, NULL, NULL, NULL, NULL, NULL, NULL, 1486204862281568257, 'Element Plus', 'iframe');
INSERT INTO `sys_meta` VALUES (1486204864374525953, NULL, NULL, NULL, 0, NULL, NULL, NULL, NULL, NULL, NULL, NULL, NULL, NULL, 1486204863674077185, 'SCUI文档', 'iframe');
INSERT INTO `sys_meta` VALUES (1486204865716703234, NULL, NULL, NULL, 0, NULL, NULL, NULL, NULL, NULL, NULL, NULL, NULL, 'el-icon-mouse', 1486204865041420289, '实验室', 'menu');
INSERT INTO `sys_meta` VALUES (1486204867167932418, NULL, NULL, NULL, 0, NULL, NULL, NULL, NULL, NULL, NULL, NULL, NULL, 'sc-icon-code', 1486204866463289346, '代码生成器', 'menu');
INSERT INTO `sys_meta` VALUES (1486204868568829953, NULL, NULL, NULL, 0, NULL, NULL, NULL, '/test/autocode', NULL, NULL, b'1', b'1', NULL, 1486204867885158402, '代码生成器', 'menu');
INSERT INTO `sys_meta` VALUES (1486204869931978753, NULL, NULL, NULL, 0, NULL, NULL, NULL, '/test/autocode', NULL, NULL, b'1', NULL, NULL, 1486204869256695810, '列表生成器', 'menu');
INSERT INTO `sys_meta` VALUES (1486204871295127553, NULL, NULL, NULL, 0, NULL, NULL, NULL, NULL, NULL, NULL, NULL, NULL, 'sc-icon-bug-line', 1486204870603067393, '异常处理', 'menu');
INSERT INTO `sys_meta` VALUES (1486204872712802305, NULL, NULL, NULL, 0, NULL, NULL, NULL, NULL, NULL, NULL, NULL, NULL, 'el-icon-setting', 1486204871991382018, '配置', 'menu');
INSERT INTO `sys_meta` VALUES (1486204874088534017, NULL, NULL, NULL, 0, NULL, NULL, NULL, NULL, NULL, NULL, NULL, NULL, 'el-icon-tools', 1486204873409056770, '系统设置', 'menu');
INSERT INTO `sys_meta` VALUES (1486204875476848642, NULL, NULL, NULL, 0, NULL, NULL, NULL, NULL, NULL, NULL, NULL, NULL, 'el-icon-user-filled', 1486204874784788481, '用户管理', 'menu');
INSERT INTO `sys_meta` VALUES (1486204876865163266, NULL, NULL, NULL, 0, NULL, NULL, NULL, NULL, NULL, NULL, NULL, NULL, 'el-icon-notebook', 1486204876173103106, '角色管理', 'menu');
INSERT INTO `sys_meta` VALUES (1486204878274449410, NULL, NULL, NULL, 0, NULL, NULL, NULL, NULL, NULL, NULL, NULL, NULL, 'el-icon-document', 1486204877557223425, '字典管理', 'menu');
INSERT INTO `sys_meta` VALUES (1486204879645986818, NULL, NULL, NULL, 0, NULL, NULL, NULL, NULL, NULL, NULL, NULL, NULL, 'el-icon-scale-to-original', 1486204878953926658, '表格列管理', 'menu');
INSERT INTO `sys_meta` VALUES (1486204881093021697, NULL, NULL, NULL, 0, NULL, NULL, NULL, NULL, NULL, NULL, NULL, NULL, 'el-icon-fold', 1486204880384184321, '菜单管理', 'menu');
INSERT INTO `sys_meta` VALUES (1486204882451976194, NULL, NULL, NULL, 0, NULL, NULL, NULL, NULL, NULL, NULL, NULL, NULL, 'el-icon-alarm-clock', 1486204881759916033, '计划任务', 'menu');
INSERT INTO `sys_meta` VALUES (1486204883819319298, NULL, NULL, NULL, 0, NULL, NULL, NULL, NULL, NULL, NULL, NULL, NULL, 'el-icon-help-filled', 1486204883139842049, '应用管理', 'menu');
INSERT INTO `sys_meta` VALUES (1486204885199245314, NULL, NULL, NULL, 0, NULL, NULL, NULL, NULL, NULL, NULL, NULL, NULL, 'el-icon-warning', 1486204884532350977, '系统日志', 'menu');
INSERT INTO `sys_meta` VALUES (1486204886583365634, NULL, NULL, NULL, 0, NULL, NULL, NULL, NULL, NULL, NULL, NULL, NULL, 'el-icon-info-filled', 1486204885891305474, '关于', 'menu');

-- ----------------------------
-- Table structure for sys_role
-- ----------------------------
DROP TABLE IF EXISTS `sys_role`;
CREATE TABLE `sys_role`  (
  `id` bigint(20) NOT NULL,
  `create_name` varchar(255) CHARACTER SET utf8 COLLATE utf8_bin NULL DEFAULT NULL,
  `create_time` datetime(6) NULL DEFAULT NULL,
  `creater` bigint(20) NULL DEFAULT NULL,
  `del` int(11) NULL DEFAULT NULL,
  `update_name` varchar(255) CHARACTER SET utf8 COLLATE utf8_bin NULL DEFAULT NULL,
  `update_time` datetime(6) NULL DEFAULT NULL,
  `updater` bigint(20) NULL DEFAULT NULL,
  `data_scope` varchar(255) CHARACTER SET utf8 COLLATE utf8_bin NULL DEFAULT NULL,
  `description` varchar(255) CHARACTER SET utf8 COLLATE utf8_bin NULL DEFAULT NULL,
  `level` int(11) NULL DEFAULT NULL,
  `name` varchar(255) CHARACTER SET utf8 COLLATE utf8_bin NULL DEFAULT NULL,
  PRIMARY KEY (`id`) USING BTREE
) ENGINE = InnoDB CHARACTER SET = utf8 COLLATE = utf8_bin ROW_FORMAT = Dynamic;

-- ----------------------------
-- Records of sys_role
-- ----------------------------
INSERT INTO `sys_role` VALUES (1, NULL, NULL, NULL, 0, NULL, NULL, NULL, NULL, '超级管理员', 1, '管理员');

-- ----------------------------
-- Table structure for sys_roles_menus
-- ----------------------------
DROP TABLE IF EXISTS `sys_roles_menus`;
CREATE TABLE `sys_roles_menus`  (
  `id` bigint(20) NOT NULL AUTO_INCREMENT,
  `create_name` varchar(255) CHARACTER SET utf8 COLLATE utf8_bin NULL DEFAULT NULL,
  `create_time` datetime(6) NULL DEFAULT NULL,
  `creater` bigint(20) NULL DEFAULT NULL,
  `del` int(11) NULL DEFAULT NULL,
  `update_name` varchar(255) CHARACTER SET utf8 COLLATE utf8_bin NULL DEFAULT NULL,
  `update_time` datetime(6) NULL DEFAULT NULL,
  `updater` bigint(20) NULL DEFAULT NULL,
  `menu_id` bigint(20) NULL DEFAULT NULL,
  `role_id` bigint(20) NULL DEFAULT NULL,
  PRIMARY KEY (`id`) USING BTREE
) ENGINE = InnoDB AUTO_INCREMENT = 1486204933391798274 CHARACTER SET = utf8 COLLATE = utf8_bin ROW_FORMAT = Dynamic;

-- ----------------------------
-- Records of sys_roles_menus
-- ----------------------------
INSERT INTO `sys_roles_menus` VALUES (1486204887258648577, NULL, NULL, NULL, NULL, NULL, NULL, NULL, 1486204798112911362, 1);
INSERT INTO `sys_roles_menus` VALUES (1486204888059760642, NULL, NULL, NULL, NULL, NULL, NULL, NULL, 1486204799476060161, 1);
INSERT INTO `sys_roles_menus` VALUES (1486204888789569538, NULL, NULL, NULL, NULL, NULL, NULL, NULL, 1486204800868569090, 1);
INSERT INTO `sys_roles_menus` VALUES (1486204889536155649, NULL, NULL, NULL, NULL, NULL, NULL, NULL, 1486204802206552065, 1);
INSERT INTO `sys_roles_menus` VALUES (1486204890307907586, NULL, NULL, NULL, NULL, NULL, NULL, NULL, 1486204803540340737, 1);
INSERT INTO `sys_roles_menus` VALUES (1486204891050299394, NULL, NULL, NULL, NULL, NULL, NULL, NULL, 1486204804857352193, 1);
INSERT INTO `sys_roles_menus` VALUES (1486204891775913986, NULL, NULL, NULL, NULL, NULL, NULL, NULL, 1486204806186946561, 1);
INSERT INTO `sys_roles_menus` VALUES (1486204892480557057, NULL, NULL, NULL, NULL, NULL, NULL, NULL, 1486204807550095362, 1);
INSERT INTO `sys_roles_menus` VALUES (1486204893181005826, NULL, NULL, NULL, NULL, NULL, NULL, NULL, 1486204808896466946, 1);
INSERT INTO `sys_roles_menus` VALUES (1486204893881454593, NULL, NULL, NULL, NULL, NULL, NULL, NULL, 1486204810272198658, 1);
INSERT INTO `sys_roles_menus` VALUES (1486204894581903361, NULL, NULL, NULL, NULL, NULL, NULL, NULL, 1486204811593404418, 1);
INSERT INTO `sys_roles_menus` VALUES (1486204895252992002, NULL, NULL, NULL, NULL, NULL, NULL, NULL, 1486204812918804481, 1);
INSERT INTO `sys_roles_menus` VALUES (1486204895986995202, NULL, NULL, NULL, NULL, NULL, NULL, NULL, 1486204814265176066, 1);
INSERT INTO `sys_roles_menus` VALUES (1486204896674861058, NULL, NULL, NULL, NULL, NULL, NULL, NULL, 1486204815565410306, 1);
INSERT INTO `sys_roles_menus` VALUES (1486204897404669954, NULL, NULL, NULL, NULL, NULL, NULL, NULL, 1486204816886616065, 1);
INSERT INTO `sys_roles_menus` VALUES (1486204898088341505, NULL, NULL, NULL, NULL, NULL, NULL, NULL, 1486204818212016130, 1);
INSERT INTO `sys_roles_menus` VALUES (1486204898809761793, NULL, NULL, NULL, NULL, NULL, NULL, NULL, 1486204819541610497, 1);
INSERT INTO `sys_roles_menus` VALUES (1486204899518599170, NULL, NULL, NULL, NULL, NULL, NULL, NULL, 1486204820858621953, 1);
INSERT INTO `sys_roles_menus` VALUES (1486204900256796673, NULL, NULL, NULL, NULL, NULL, NULL, NULL, 1486204822184022017, 1);
INSERT INTO `sys_roles_menus` VALUES (1486204900948856834, NULL, NULL, NULL, NULL, NULL, NULL, NULL, 1486204823509422082, 1);
INSERT INTO `sys_roles_menus` VALUES (1486204901674471426, NULL, NULL, NULL, NULL, NULL, NULL, NULL, 1486204824818044929, 1);
INSERT INTO `sys_roles_menus` VALUES (1486204902366531585, NULL, NULL, NULL, NULL, NULL, NULL, NULL, 1486204826172805121, 1);
INSERT INTO `sys_roles_menus` VALUES (1486204903087951873, NULL, NULL, NULL, NULL, NULL, NULL, NULL, 1486204827485622273, 1);
INSERT INTO `sys_roles_menus` VALUES (1486204903771623425, NULL, NULL, NULL, NULL, NULL, NULL, NULL, 1486204828827799553, 1);
INSERT INTO `sys_roles_menus` VALUES (1486204904484655106, NULL, NULL, NULL, NULL, NULL, NULL, NULL, 1486204830220308482, 1);
INSERT INTO `sys_roles_menus` VALUES (1486204905180909570, NULL, NULL, NULL, NULL, NULL, NULL, NULL, 1486204831541514242, 1);
INSERT INTO `sys_roles_menus` VALUES (1486204905898135554, NULL, NULL, NULL, NULL, NULL, NULL, NULL, 1486204832875302914, 1);
INSERT INTO `sys_roles_menus` VALUES (1486204906581807105, NULL, NULL, NULL, NULL, NULL, NULL, NULL, 1486204834209091586, 1);
INSERT INTO `sys_roles_menus` VALUES (1486204907303227394, NULL, NULL, NULL, NULL, NULL, NULL, NULL, 1486204835576434689, 1);
INSERT INTO `sys_roles_menus` VALUES (1486204908003676162, NULL, NULL, NULL, NULL, NULL, NULL, NULL, 1486204836922806273, 1);
INSERT INTO `sys_roles_menus` VALUES (1486204908741873665, NULL, NULL, NULL, NULL, NULL, NULL, NULL, 1486204838273372162, 1);
INSERT INTO `sys_roles_menus` VALUES (1486204909480071169, NULL, NULL, NULL, NULL, NULL, NULL, NULL, 1486204839594577921, 1);
INSERT INTO `sys_roles_menus` VALUES (1486204910243434498, NULL, NULL, NULL, NULL, NULL, NULL, NULL, 1486204840928366593, 1);
INSERT INTO `sys_roles_menus` VALUES (1486204910981632002, NULL, NULL, NULL, NULL, NULL, NULL, NULL, 1486204842287321089, 1);
INSERT INTO `sys_roles_menus` VALUES (1486204911744995329, NULL, NULL, NULL, NULL, NULL, NULL, NULL, 1486204843650469890, 1);
INSERT INTO `sys_roles_menus` VALUES (1486204912491581441, NULL, NULL, NULL, NULL, NULL, NULL, NULL, 1486204845068144642, 1);
INSERT INTO `sys_roles_menus` VALUES (1486204913208807425, NULL, NULL, NULL, NULL, NULL, NULL, NULL, 1486204846460653570, 1);
INSERT INTO `sys_roles_menus` VALUES (1486204913942810626, NULL, NULL, NULL, NULL, NULL, NULL, NULL, 1486204847886716930, 1);
INSERT INTO `sys_roles_menus` VALUES (1486204914655842306, NULL, NULL, NULL, NULL, NULL, NULL, NULL, 1486204849363111938, 1);
INSERT INTO `sys_roles_menus` VALUES (1486204915368873986, NULL, NULL, NULL, NULL, NULL, NULL, NULL, 1486204850805952513, 1);
INSERT INTO `sys_roles_menus` VALUES (1486204916086099970, NULL, NULL, NULL, NULL, NULL, NULL, NULL, 1486204852202655746, 1);
INSERT INTO `sys_roles_menus` VALUES (1486204916778160129, NULL, NULL, NULL, NULL, NULL, NULL, NULL, 1486204853645496321, 1);
INSERT INTO `sys_roles_menus` VALUES (1486204917503774721, NULL, NULL, NULL, NULL, NULL, NULL, NULL, 1486204855071559682, 1);
INSERT INTO `sys_roles_menus` VALUES (1486204918195834882, NULL, NULL, NULL, NULL, NULL, NULL, NULL, 1486204856568926209, 1);
INSERT INTO `sys_roles_menus` VALUES (1486204918925643778, NULL, NULL, NULL, NULL, NULL, NULL, NULL, 1486204858024349698, 1);
INSERT INTO `sys_roles_menus` VALUES (1486204919630286849, NULL, NULL, NULL, NULL, NULL, NULL, NULL, 1486204859442024449, 1);
INSERT INTO `sys_roles_menus` VALUES (1486204920343318529, NULL, NULL, NULL, NULL, NULL, NULL, NULL, 1486204860872282113, 1);
INSERT INTO `sys_roles_menus` VALUES (1486204921047961602, NULL, NULL, NULL, NULL, NULL, NULL, NULL, 1486204862281568257, 1);
INSERT INTO `sys_roles_menus` VALUES (1486204921765187585, NULL, NULL, NULL, NULL, NULL, NULL, NULL, 1486204863674077185, 1);
INSERT INTO `sys_roles_menus` VALUES (1486204922469830658, NULL, NULL, NULL, NULL, NULL, NULL, NULL, 1486204865041420289, 1);
INSERT INTO `sys_roles_menus` VALUES (1486204923170279425, NULL, NULL, NULL, NULL, NULL, NULL, NULL, 1486204866463289346, 1);
INSERT INTO `sys_roles_menus` VALUES (1486204923866533889, NULL, NULL, NULL, NULL, NULL, NULL, NULL, 1486204867885158402, 1);
INSERT INTO `sys_roles_menus` VALUES (1486204924562788354, NULL, NULL, NULL, NULL, NULL, NULL, NULL, 1486204869256695810, 1);
INSERT INTO `sys_roles_menus` VALUES (1486204925229682690, NULL, NULL, NULL, NULL, NULL, NULL, NULL, 1486204870603067393, 1);
INSERT INTO `sys_roles_menus` VALUES (1486204925955297282, NULL, NULL, NULL, NULL, NULL, NULL, NULL, 1486204871991382018, 1);
INSERT INTO `sys_roles_menus` VALUES (1486204926655746050, NULL, NULL, NULL, NULL, NULL, NULL, NULL, 1486204873409056770, 1);
INSERT INTO `sys_roles_menus` VALUES (1486204927389749249, NULL, NULL, NULL, NULL, NULL, NULL, NULL, 1486204874784788481, 1);
INSERT INTO `sys_roles_menus` VALUES (1486204928065032194, NULL, NULL, NULL, NULL, NULL, NULL, NULL, 1486204876173103106, 1);
INSERT INTO `sys_roles_menus` VALUES (1486204928786452481, NULL, NULL, NULL, NULL, NULL, NULL, NULL, 1486204877557223425, 1);
INSERT INTO `sys_roles_menus` VALUES (1486204929503678465, NULL, NULL, NULL, NULL, NULL, NULL, NULL, 1486204878953926658, 1);
INSERT INTO `sys_roles_menus` VALUES (1486204930338344962, NULL, NULL, NULL, NULL, NULL, NULL, NULL, 1486204880384184321, 1);
INSERT INTO `sys_roles_menus` VALUES (1486204931223343106, NULL, NULL, NULL, NULL, NULL, NULL, NULL, 1486204881759916033, 1);
INSERT INTO `sys_roles_menus` VALUES (1486204931969929218, NULL, NULL, NULL, NULL, NULL, NULL, NULL, 1486204883139842049, 1);
INSERT INTO `sys_roles_menus` VALUES (1486204932661989377, NULL, NULL, NULL, NULL, NULL, NULL, NULL, 1486204884532350977, 1);
INSERT INTO `sys_roles_menus` VALUES (1486204933391798273, NULL, NULL, NULL, NULL, NULL, NULL, NULL, 1486204885891305474, 1);

-- ----------------------------
-- Table structure for sys_user
-- ----------------------------
DROP TABLE IF EXISTS `sys_user`;
CREATE TABLE `sys_user`  (
  `id` bigint(20) NOT NULL,
  `create_name` varchar(255) CHARACTER SET utf8 COLLATE utf8_bin NULL DEFAULT NULL,
  `create_time` datetime(6) NULL DEFAULT NULL,
  `creater` bigint(20) NULL DEFAULT NULL,
  `del` int(11) NULL DEFAULT NULL,
  `update_name` varchar(255) CHARACTER SET utf8 COLLATE utf8_bin NULL DEFAULT NULL,
  `update_time` datetime(6) NULL DEFAULT NULL,
  `updater` bigint(20) NULL DEFAULT NULL,
  `account` varchar(255) CHARACTER SET utf8 COLLATE utf8_bin NULL DEFAULT NULL,
  `password` varchar(255) CHARACTER SET utf8 COLLATE utf8_bin NULL DEFAULT NULL,
  `status` int(11) NULL DEFAULT NULL,
  `user_name` varchar(255) CHARACTER SET utf8 COLLATE utf8_bin NULL DEFAULT NULL,
  PRIMARY KEY (`id`) USING BTREE
) ENGINE = InnoDB CHARACTER SET = utf8 COLLATE = utf8_bin ROW_FORMAT = Dynamic;

-- ----------------------------
-- Records of sys_user
-- ----------------------------
INSERT INTO `sys_user` VALUES (1484448551625854978, NULL, NULL, NULL, 0, NULL, NULL, NULL, 'admin', '21232f297a57a5a743894a0e4a801fc3', 0, 'admin');

-- ----------------------------
-- Table structure for sys_users_roles
-- ----------------------------
DROP TABLE IF EXISTS `sys_users_roles`;
CREATE TABLE `sys_users_roles`  (
  `id` bigint(20) NOT NULL,
  `create_name` varchar(255) CHARACTER SET utf8 COLLATE utf8_bin NULL DEFAULT NULL,
  `create_time` datetime(6) NULL DEFAULT NULL,
  `creater` bigint(20) NULL DEFAULT NULL,
  `del` int(11) NULL DEFAULT NULL,
  `update_name` varchar(255) CHARACTER SET utf8 COLLATE utf8_bin NULL DEFAULT NULL,
  `update_time` datetime(6) NULL DEFAULT NULL,
  `updater` bigint(20) NULL DEFAULT NULL,
  `role_id` bigint(20) NULL DEFAULT NULL,
  `user_id` bigint(20) NULL DEFAULT NULL,
  PRIMARY KEY (`id`) USING BTREE
) ENGINE = InnoDB CHARACTER SET = utf8 COLLATE = utf8_bin ROW_FORMAT = Dynamic;

-- ----------------------------
-- Records of sys_users_roles
-- ----------------------------
INSERT INTO `sys_users_roles` VALUES (1, NULL, NULL, NULL, 0, NULL, NULL, NULL, 1, 1484448551625854978);

SET FOREIGN_KEY_CHECKS = 1;
